{"f_otimo": 150.0, "X_otimo": [5.7, 5.700000000000015], "X_iteracoes": [[1e+32, 2.0], [5e+31, 2.8222222222222255], [0.0, 4.101234567901243], [5.7, 4.456515775034304], [5.726700057059776, 4.73617690742825], [5.703016285026781, 5.699352059727884], [5.700075221731893, 5.700004161706511], [5.7000000016821195, 5.7000000170698], [5.6999999999996644, 5.700000000013733], [5.7, 5.700000000000015]], "f_iteracoes": [2.5000000000000004e+63, 6.250000000000001e+62, 158.40650565631933, 150.17180589085984, 150.1033954403478, 150.00000232114124, 150.0000000014165, 150.0, 150.0, 150.0]}